SolidityFile;ETHAddress;ContractName;Type;SLOC;LLOC;CLOC;NF;WMC;NL;NLE;NUMPAR;NOS;DIT;NOA;NOD;CBO;NA;NOI;Avg. McCC;Avg. NL;Avg. NLE;Avg. NUMPAR;Avg. NOS;Avg. NOI;FS;LS;
79a64dbe0a25390fa40a2eb819b934ccc7a06f45_ALLDigitalToken.sol;79;Safe;library;27;22;0;4;4;0;0;8;12;0;0;0;0;0;4;1.0;0.0;0.0;2.0;3.0;1.0;2019-02-26T05:04:06.000Z;2019-02-26T05:04:06.000Z;
4a79fdf28eb7cb7bc82413d4f9a0f75be37ff072_Locker2.sol;4a;Locker2;contract;164;89;36;12;15;3;3;8;52;1;1;0;1;4;11;1.25;0.25;0.25;0.6666666666666666;4.333333333333333;0.9166666666666666;2019-02-26T08:44:15.000Z;2019-02-26T08:44:15.000Z;
b09d8eb41730d3cb536add7e332756738d99631c_Xmalltoken.sol;b0;Xmalltoken;contract;222;185;5;21;29;7;7;35;89;1;2;0;1;13;51;1.380952380952381;0.3333333333333333;0.3333333333333333;1.6666666666666667;4.238095238095238;2.4285714285714284;2019-02-26T08:14:28.000Z;2019-02-26T08:14:28.000Z;
ACc84D441940D0B5f5c53DF360dDC4AB437fB4B2_TurboPayToken.sol;ac;StandardToken;contract;48;41;0;5;7;2;2;10;20;1;2;1;0;3;6;1.4;0.4;0.4;2.0;4.0;1.2;2019-02-26T07:44:30.000Z;2019-02-26T07:44:30.000Z;
3121f5c0cd4a0d354e07062dc44d599c2cd94c40_DS_AAPL.sol;31;ERC20Basic;contract;6;6;0;3;3;0;0;3;0;0;0;6;0;0;0;1.0;0.0;0.0;1.0;0.0;0.0;2018-12-30T06:15:12.000Z;2018-12-30T06:15:12.000Z;
f9d4daae1300cff251979722c4a3c45857973079_CastleToken.sol;f9;CastleToken;contract;149;69;82;8;9;1;1;19;35;0;0;0;1;6;14;1.125;0.125;0.125;2.375;4.375;1.75;2019-02-26T07:24:24.000Z;2019-02-26T07:24:24.000Z;
6051988f38808c695546ccb55f1c6930848a8a23_TriipInvestorsServices.sol;60;TriipInvestorsServices;contract;75;35;22;0;0;0;0;0;7;0;0;0;0;17;0;0.0;0.0;0.0;0.0;0.0;0.0;2019-02-26T04:48:06.000Z;2019-02-26T04:48:06.000Z;
8ff9aa1f807c01b8a9282c3599f2c8198334197a_ArbCoin.sol;8f;ArbCoin;contract;149;69;82;8;9;1;1;19;35;0;0;0;1;6;14;1.125;0.125;0.125;2.375;4.375;1.75;2019-02-26T06:51:46.000Z;2019-02-26T06:51:46.000Z;
aee7474c3713ece228aa5ec43c89c708f2ec7ed2_SlotToken.sol;ae;SafeMath;library;59;29;21;5;6;1;1;10;16;0;0;0;0;0;5;1.2;0.2;0.2;2.0;3.2;1.0;2019-02-04T10:22:27.000Z;2019-02-04T10:22:27.000Z;
40db801fbd06ee3dbf57899eb4b7afb3bdef86d7_ITCO.sol;40;ERC20;contract;10;10;0;6;6;0;0;10;0;0;0;1;0;0;0;1.0;0.0;0.0;1.6666666666666667;0.0;0.0;2019-02-26T06:09:58.000Z;2019-02-26T06:09:58.000Z;
2d19ba653682b41756aa2c67343f26d6edd36836_BLITZ_QUIZ.sol;2d;BLITZ_QUIZ;contract;46;36;0;6;10;4;4;7;15;0;0;0;0;4;6;1.6666666666666667;0.6666666666666666;0.6666666666666666;1.1666666666666667;2.5;1.0;2019-02-26T05:39:52.000Z;2019-02-26T05:39:52.000Z;
57b9B0CAF9f724401e731877C9D6e40DD6B6B9FA_TokenERC20.sol;57;TokenERC20;contract;154;72;83;7;8;1;1;16;37;0;0;0;1;6;10;1.1428571428571428;0.14285714285714285;0.14285714285714285;2.2857142857142856;5.285714285714286;1.4285714285714286;2019-02-26T05:40:58.000Z;2019-02-26T05:40:58.000Z;
adb6cbaf416ce1b6fab5d344afb8e1c848364376_LibertyEcoToken.sol;ad;SafeMath;library;39;29;0;5;6;1;1;10;16;0;0;0;0;0;5;1.2;0.2;0.2;2.0;3.2;1.0;2019-02-26T04:26:50.000Z;2019-02-26T04:26:50.000Z;
faf4d70b588468e75eccfe9a6fd8cec5ea7393db_FuteToken.sol;fa;tokenRecipient;interface;1;1;0;1;1;0;0;4;0;0;0;0;0;0;0;1.0;0.0;0.0;4.0;0.0;0.0;2019-02-26T04:29:42.000Z;2019-02-26T04:29:42.000Z;
3c50be9bf65f1411e975bd593c3967492e476e5d_AirToken.sol;3c;Ownable;contract;12;10;0;0;0;0;0;0;3;0;0;1;0;1;0;0.0;0.0;0.0;0.0;0.0;0.0;2018-11-07T13:05:54.000Z;2018-11-07T13:05:54.000Z;
479BB92e9FD3cB724aE0C6BC59178D5B2a19B499_TokenERC20.sol;47;TokenERC20;contract;154;72;83;7;8;1;1;16;37;0;0;0;1;6;10;1.1428571428571428;0.14285714285714285;0.14285714285714285;2.2857142857142856;5.285714285714286;1.4285714285714286;2019-02-26T03:27:37.000Z;2019-02-26T03:27:37.000Z;
9ae1d9371486501ae5d6bd4c7f200a9837ffd2af_frozenForever.sol;9a;frozenForever;contract;4;4;0;0;0;0;0;0;0;0;0;0;0;7;0;0.0;0.0;0.0;0.0;0.0;0.0;2019-02-20T11:40:44.000Z;2019-02-20T11:40:44.000Z;
e1E0DB951844E7fb727574D7dACa68d1C5D1525b_deflatCoin.sol;e1;ERC20Interface;contract;11;10;0;6;6;0;0;10;0;0;0;1;0;0;0;1.0;0.0;0.0;1.6666666666666667;0.0;0.0;2019-02-19T02:11:49.000Z;2019-02-19T02:11:49.000Z;
01ad3c7da8364d3f73d8ba6deb88c2add26a7837_Zion.sol;01;Escrow;contract;37;20;8;3;3;0;0;3;8;1;1;2;0;1;2;1.0;0.0;0.0;1.0;2.6666666666666665;0.6666666666666666;2019-02-25T05:51:57.000Z;2019-02-25T05:51:57.000Z;
e36584509f808f865be1960aa459ab428fa7a25b_deflatMarket.sol;e3;token;interface;4;4;0;2;2;0;0;3;0;0;0;0;0;0;0;1.0;0.0;0.0;1.5;0.0;0.0;2019-02-23T02:46:46.000Z;2019-02-23T02:46:46.000Z;
6b90e3a02d19df61cf7b6cf8a73d9fa9a6b23da6_TokenERC20.sol;6b;TokenERC20;contract;154;72;83;7;8;1;1;16;37;0;0;0;1;6;10;1.1428571428571428;0.14285714285714285;0.14285714285714285;2.2857142857142856;5.285714285714286;1.4285714285714286;2019-02-26T02:27:19.000Z;2019-02-26T02:27:19.000Z;
2fec0d2d336ffa88207b11760ed5220ee351af49_InvestLTCS.sol;2f;InvestLTCS;contract;151;113;3;15;19;4;3;15;57;2;2;0;1;11;23;1.2666666666666666;0.26666666666666666;0.2;1.0;3.8;1.5333333333333334;2019-02-26T01:37:10.000Z;2019-02-26T01:37:10.000Z;
740380ebe159999a8614bdecde6942a0fb9d7eed_IOUCosmosToken.sol;74;ApproveAndCallFallBack;contract;3;3;0;1;1;0;0;4;0;0;0;0;0;0;0;1.0;0.0;0.0;4.0;0.0;0.0;2019-02-26T01:01:52.000Z;2019-02-26T01:01:52.000Z;
55656b8a58df94c1e8b5142f8da973301452ea65_CivilPLCRVoting.sol;55;DLL;library;82;60;2;8;10;2;2;15;27;0;0;0;0;1;13;1.25;0.25;0.25;1.875;3.375;1.625;2019-01-17T18:11:33.000Z;2019-01-17T18:11:33.000Z;
0b8170f7cec8564492ffea951be88b915a4e26d2_CivilParameterizer.sol;0b;IERC20;interface;17;10;0;6;6;0;0;10;0;0;0;0;0;0;0;1.0;0.0;0.0;1.6666666666666667;0.0;0.0;2019-01-24T21:31:34.000Z;2019-01-24T21:31:34.000Z;
c08C43cF32dE8B1ECeAE774668EeF0BCedB25d20_LympoToken.sol;c0;SafeMath;library;59;29;21;5;6;1;1;10;16;0;0;0;0;0;5;1.2;0.2;0.2;2.0;3.2;1.0;2019-02-25T21:52:54.000Z;2019-02-25T21:52:54.000Z;
4302e25f5aded98f8923e1aed7e995621283d6be_TrustCenterToken.sol;43;TrustCenterToken;contract;124;56;46;9;9;0;0;15;30;1;2;0;0;6;11;1.0;0.0;0.0;1.6666666666666667;3.3333333333333335;1.2222222222222223;2019-02-25T21:50:40.000Z;2019-02-25T21:50:40.000Z;
7272fc6c838d46621b27727adb79c2778ee68ba1_Multisig.sol;72;Multisig;contract;61;40;9;2;2;0;0;2;10;0;0;0;1;14;2;1.0;0.0;0.0;1.0;5.0;1.0;2019-02-25T21:39:00.000Z;2019-02-25T21:39:00.000Z;
c14c848a2a5945e1a415976fc059550ecbe7b034_Line.sol;c1;Line;contract;154;111;0;11;19;5;4;5;55;0;0;0;0;11;16;1.7272727272727273;0.45454545454545453;0.36363636363636365;0.45454545454545453;5.0;1.4545454545454546;2019-02-25T21:31:39.000Z;2019-02-25T21:31:39.000Z;
56cd5d904be23cb0ebb449d01fc5370f7f319a95_XYZZ.sol;56;Owned;contract;18;14;0;1;1;0;0;1;3;0;0;1;0;3;0;1.0;0.0;0.0;1.0;3.0;0.0;2019-02-25T20:20:02.000Z;2019-02-25T20:20:02.000Z;
196a41ea662eddb9cd2ff590ca8fb361d6ddf297_InvestLCE.sol;19;InvestLCE;contract;151;113;3;15;19;4;3;15;57;2;2;0;1;11;23;1.2666666666666666;0.26666666666666666;0.2;1.0;3.8;1.5333333333333334;2019-02-25T16:47:37.000Z;2019-02-25T16:47:37.000Z;
338ffc2cafc121bc83bf7a610ccc136ba7247b64_SaleMarket.sol;33;CutieCoreInterface;contract;105;86;0;22;22;0;0;36;0;0;0;0;1;1;0;1.0;0.0;0.0;1.6363636363636365;0.0;0.0;2019-02-25T17:04:20.000Z;2019-02-25T17:04:20.000Z;
411139af515804562ddca220220728c9791cc714_BountyKN.sol;41;SafeMath;library;22;22;0;4;5;1;1;8;11;0;0;0;0;0;3;1.25;0.25;0.25;2.0;2.75;0.75;2019-02-25T16:35:46.000Z;2019-02-25T16:35:46.000Z;
919a16425e2b58cc5aa8600258feb385431484e3_NewToken.sol;91;ERC20Standard;contract;57;46;0;5;5;0;0;10;15;0;0;1;0;7;5;1.0;0.0;0.0;2.0;3.0;1.0;2019-02-25T15:55:46.000Z;2019-02-25T15:55:46.000Z;
f527314a3ea16acf9f9e26613426cf5f8e7a3e43_UserWallet.sol;f5;Token;contract;12;11;0;2;2;0;0;3;5;0;0;0;0;0;0;1.0;0.0;0.0;1.5;2.5;0.0;2019-02-25T15:14:19.000Z;2019-02-25T15:14:19.000Z;
0c6ec2c046224125af0c808b954f0a66a6a21d99_FetchToken.sol;0c;ApproveAndCallFallBack;contract;3;3;0;1;1;0;0;4;0;0;0;0;0;0;0;1.0;0.0;0.0;4.0;0.0;0.0;2019-02-25T15:19:05.000Z;2019-02-25T15:19:05.000Z;
d82f9939aa0ba1bf5d5bbade54b5f2f61d2cfdbe_NEWT.sol;d8;NEWT;contract;60;51;10;6;7;1;1;10;25;0;0;0;0;7;5;1.1666666666666667;0.16666666666666666;0.16666666666666666;1.6666666666666667;4.166666666666667;0.8333333333333334;2019-02-25T15:19:05.000Z;2019-02-25T15:19:05.000Z;
0afdacdb91a1be348c4f93cdadf654ffd3fcb1c7_CHFsToken.sol;0a;CHFsToken;contract;16;16;0;0;0;0;0;0;9;5;12;0;0;0;0;0.0;0.0;0.0;0.0;0.0;0.0;2019-02-01T14:22:18.000Z;2019-02-01T14:22:18.000Z;
2af14b457e6fe815d0b33a1e2791f895ab7741f9_WalletController.sol;2a;Token;contract;12;11;0;2;2;0;0;3;5;0;0;0;0;0;0;1.0;0.0;0.0;1.5;2.5;0.0;2019-02-25T14:52:04.000Z;2019-02-25T14:52:04.000Z;
7b2fb0da7eccb64c85bbcfbf802dbe3488a5e57f_SUIsToken.sol;7b;SUIsToken;contract;16;16;0;0;0;0;0;0;9;5;12;0;0;0;0;0.0;0.0;0.0;0.0;0.0;0.0;2019-02-01T16:02:40.000Z;2019-02-01T16:02:40.000Z;
710f1e69817e91ab6ad5907e88840f4e24beb07a_BasicTokenSC.sol;71;PartialSafeMath;library;17;17;0;2;2;0;0;4;6;0;0;0;0;1;2;1.0;0.0;0.0;2.0;3.0;1.0;2019-02-24T00:46:06.000Z;2019-02-24T00:46:06.000Z;
a6e0b24c65758154cac6f33b0c455727ab6193cb_BasicTokenSC.sol;a6;PartialSafeMath;library;17;17;0;2;2;0;0;4;6;0;0;0;0;1;2;1.0;0.0;0.0;2.0;3.0;1.0;2019-02-23T23:53:41.000Z;2019-02-23T23:53:41.000Z;
90c4754205974f0d4395887d7ae47bc65b4ba4bd_BasicTokenSC.sol;90;PartialSafeMath;library;17;17;0;2;2;0;0;4;6;0;0;0;0;1;2;1.0;0.0;0.0;2.0;3.0;1.0;2019-02-22T23:37:35.000Z;2019-02-22T23:37:35.000Z;
9d44a3904229ec9de6fac986471c1ce28c208045_BasicTokenSC.sol;9d;PartialSafeMath;library;17;17;0;2;2;0;0;4;6;0;0;0;0;1;2;1.0;0.0;0.0;2.0;3.0;1.0;2019-02-22T23:44:39.000Z;2019-02-22T23:44:39.000Z;
42d62d463d88bd29cc2fedcc6f1e737ef122e9e4_BasicTokenSC.sol;42;PartialSafeMath;library;17;17;0;2;2;0;0;4;6;0;0;0;0;1;2;1.0;0.0;0.0;2.0;3.0;1.0;2019-02-22T23:17:33.000Z;2019-02-22T23:17:33.000Z;
3eeab36f41da8844bb2a6f7bfba6dbdec070b2ba_BasicTokenSC.sol;3e;PartialSafeMath;library;17;17;0;2;2;0;0;4;6;0;0;0;0;1;2;1.0;0.0;0.0;2.0;3.0;1.0;2019-02-22T23:10:54.000Z;2019-02-22T23:10:54.000Z;
37c379a2d3b6a5556de345c0cda31c0855bd4aea_BasicTokenSC.sol;37;PartialSafeMath;library;17;17;0;2;2;0;0;4;6;0;0;0;0;1;2;1.0;0.0;0.0;2.0;3.0;1.0;2019-02-22T19:20:55.000Z;2019-02-22T19:20:55.000Z;
b63d42c378c566ecaaf82179b86d221c2f15b879_Operator.sol;b6;Operator;contract;173;151;7;7;13;4;4;7;56;0;0;0;0;40;15;1.8571428571428572;0.5714285714285714;0.5714285714285714;1.0;8.0;2.142857142857143;2019-02-25T12:59:35.000Z;2019-02-25T12:59:35.000Z;
f2940f868fcd1fbe8d1e1c02d2eaf68d8d7db338_PlayerBook.sol;f2;SafeMath;library;92;68;18;6;11;5;4;10;33;0;0;0;1;0;3;1.8333333333333333;0.8333333333333334;0.6666666666666666;1.6666666666666667;5.5;0.5;2019-02-25T14:11:02.000Z;2019-02-25T14:11:02.000Z;
28284da83ba69c67451b567fdb2d3be511b1235c_FUTM.sol;28;SafeMath;library;45;22;18;4;5;1;1;8;11;0;0;0;0;0;3;1.25;0.25;0.25;2.0;2.75;0.75;2019-02-25T13:45:10.000Z;2019-02-25T13:45:10.000Z;
e69968dd1913f135f3b28ed81d9a02368204bd66_DONpia.sol;e6;ApproveAndCallFallBack;contract;3;3;0;1;1;0;0;4;0;0;0;0;0;0;0;1.0;0.0;0.0;4.0;0.0;0.0;2019-02-25T12:59:14.000Z;2019-02-25T12:59:14.000Z;
badac68d3d59b3156de50ce7e2b7c756cbe52fee_stakethemall.sol;ba;SafeMath;library;43;31;0;3;4;1;1;6;10;0;0;0;0;0;3;1.3333333333333333;0.3333333333333333;0.3333333333333333;2.0;3.3333333333333335;1.0;2019-02-25T11:59:56.000Z;2019-02-25T11:59:56.000Z;
fc87d4f82fc5fe80a2d1692ffee872b2517c34c7_ICBB.sol;fc;ICBB;contract;35;23;13;2;2;0;0;5;10;1;2;0;0;1;1;1.0;0.0;0.0;2.5;5.0;0.5;2019-02-25T13:13:48.000Z;2019-02-25T13:13:48.000Z;
075f0fa71550ddb9d10bedd55e717f80176b0481_CardRPS.sol;07;CryptoTycoonsVIPLib;contract;108;85;4;10;22;12;3;9;65;0;0;0;0;8;4;2.2;1.2;0.3;0.9;6.5;0.4;2019-02-25T12:29:17.000Z;2019-02-25T12:29:17.000Z;
08c22e4024f6863655b230a1124fab135108be76_LockTokenContract.sol;08;SafeMath;library;26;22;0;4;4;0;0;8;12;0;0;0;0;0;4;1.0;0.0;0.0;2.0;3.0;1.0;2019-02-25T12:01:31.000Z;2019-02-25T12:01:31.000Z;
b2a56bae85ebb2c17d5f426173b5e384c3deb7fd_StandardToken.sol;b2;Ownable;contract;21;16;0;1;1;0;0;1;6;0;0;1;0;1;1;1.0;0.0;0.0;1.0;6.0;1.0;2019-02-25T11:50:34.000Z;2019-02-25T11:50:34.000Z;
65c484a961caedcf086b85a55cf7d7c1153221ba_CardRPS.sol;65;CryptoTycoonsVIPLib;contract;108;85;4;10;22;12;3;9;65;0;0;0;0;8;4;2.2;1.2;0.3;0.9;6.5;0.4;2019-02-25T11:32:07.000Z;2019-02-25T11:32:07.000Z;
8020d165806db531777b05bdb3b4eb8f6b3ce8ba__PASCoin.sol;80;Owned;contract;45;21;0;3;3;0;0;1;8;0;0;1;0;2;3;1.0;0.0;0.0;0.3333333333333333;2.6666666666666665;1.0;2019-02-25T11:33:09.000Z;2019-02-25T11:33:09.000Z;
bfa5c2f2b2ea28d7cad06d8a5ad796425ab999c5_HalfRoulette.sol;bf;CryptoTycoonsVIPLib;contract;108;85;4;10;22;12;3;9;65;0;0;0;0;8;4;2.2;1.2;0.3;0.9;6.5;0.4;2019-02-25T11:08:37.000Z;2019-02-25T11:08:37.000Z;
7a2338800468d8b489c8dfbf5bf8fa008696cc48_VBRM.sol;7a;ERC20;contract;6;6;0;3;3;0;0;7;0;1;1;3;0;0;0;1.0;0.0;0.0;2.3333333333333335;0.0;0.0;2019-02-25T10:29:34.000Z;2019-02-25T10:29:34.000Z;
a3b7f0e143c62c260ce6d0f9c6b2d6dfd33c735d_DSLACrowdsale.sol;a3;VestedCrowdsale;contract;104;70;21;3;14;4;3;3;47;0;0;1;0;4;9;4.666666666666667;1.3333333333333333;1.0;1.0;15.666666666666666;3.0;2019-02-19T13:23:05.000Z;2019-02-19T13:23:05.000Z;
26051506490987F899C98E84CB5513D66a16F74B_TokenERC20.sol;26;TokenERC20;contract;154;72;83;7;8;1;1;16;37;0;0;0;1;6;10;1.1428571428571428;0.14285714285714285;0.14285714285714285;2.2857142857142856;5.285714285714286;1.4285714285714286;2019-01-30T06:01:09.000Z;2019-01-30T06:01:09.000Z;
1d5c2fb513710278731c1206ab9dd055ff98303b_Dividends3d.sol;1d;SafeMath;library;41;23;14;4;5;1;1;8;12;0;0;0;0;0;3;1.25;0.25;0.25;2.0;3.0;0.75;2019-02-25T09:20:29.000Z;2019-02-25T09:20:29.000Z;
8da095930727fd30c15f223de8ade2bf20472e7a_ldoh.sol;8d;BlockableContract;contract;27;19;0;2;2;0;0;0;7;1;1;1;0;1;0;1.0;0.0;0.0;0.0;3.5;0.0;2019-02-25T09:07:14.000Z;2019-02-25T09:07:14.000Z;
EF19F4E48830093Ce5bC8b3Ff7f903A0AE3E9Fa1_botXcoin.sol;ef;botXcoin;contract;244;188;8;26;36;9;9;36;101;2;2;0;2;14;34;1.3846153846153846;0.34615384615384615;0.34615384615384615;1.3846153846153846;3.8846153846153846;1.3076923076923077;2019-02-10T14:59:57.000Z;2019-02-10T14:59:57.000Z;
ab014858716f1010de51401c5e149bfac25f91b6_DXCASH.sol;ab;ERC20Basic;contract;6;6;0;3;3;0;0;3;0;0;0;6;0;0;0;1.0;0.0;0.0;1.0;0.0;0.0;2019-01-06T18:27:47.000Z;2019-01-06T18:27:47.000Z;
06fa0c52f0da7a62516c18f8ae025fba52099c6c_NexMedCoin.sol;06;IERC20;interface;28;21;0;6;6;0;0;10;0;0;0;4;0;0;0;1.0;0.0;0.0;1.6666666666666667;0.0;0.0;2019-02-25T08:45:27.000Z;2019-02-25T08:45:27.000Z;
103fc2836b27416f87badfd661e32a67036b6f03__PayShopCoin.sol;10;Owned;contract;45;21;0;3;3;0;0;1;8;0;0;1;0;2;3;1.0;0.0;0.0;0.3333333333333333;2.6666666666666665;1.0;2019-02-25T08:38:51.000Z;2019-02-25T08:38:51.000Z;
ca6ec8fea6296cc3e5fef464d5ff49ea4c099c43_HZClaim.sol;ca;HZClaim;contract;16;16;0;3;5;2;2;0;5;0;0;0;0;1;3;1.6666666666666667;0.6666666666666666;0.6666666666666666;0.0;1.6666666666666667;1.0;2019-02-25T02:31:19.000Z;2019-02-25T02:31:19.000Z;
8932504af85725fe19487d98998358ef147f178f_AIG.sol;89;AIG;contract;154;72;83;7;8;1;1;16;37;0;0;0;1;6;10;1.1428571428571428;0.14285714285714285;0.14285714285714285;2.2857142857142856;5.285714285714286;1.4285714285714286;2019-02-25T07:58:15.000Z;2019-02-25T07:58:15.000Z;
92ba1ad3879203d78011afb2cacf7cb67d8f5638_wczTEST.sol;92;wczTEST;contract;154;72;83;7;8;1;1;16;37;0;0;0;1;6;10;1.1428571428571428;0.14285714285714285;0.14285714285714285;2.2857142857142856;5.285714285714286;1.4285714285714286;2019-02-25T05:10:47.000Z;2019-02-25T05:10:47.000Z;
9934c638593a70594c9c4cddc22ce263d875d175_Multisig.sol;99;Multisig;contract;61;40;9;2;2;0;0;2;10;0;0;0;1;14;2;1.0;0.0;0.0;1.0;5.0;1.0;2019-02-25T07:38:15.000Z;2019-02-25T07:38:15.000Z;
970e7fc8ba531db35edca3c7b10e373407a86f0f_RTDAirDrop.sol;97;owned;contract;16;13;0;1;1;0;0;1;4;0;0;1;0;1;0;1.0;0.0;0.0;1.0;4.0;0.0;2019-02-25T07:21:51.000Z;2019-02-25T07:21:51.000Z;
d4889ab0f8d89238e6c0b8463084b4304c94a98f_Finote.sol;d4;IERC20;interface;17;10;0;6;6;0;0;10;0;0;0;1;0;0;0;1.0;0.0;0.0;1.6666666666666667;0.0;0.0;2019-02-25T06:55:34.000Z;2019-02-25T06:55:34.000Z;
4C26Cc4B8a004B1e46EE08155da70eD9f3B69c7A_FixedSupplyToken.sol;4c;ApproveAndCallFallBack;contract;3;3;0;1;1;0;0;4;0;0;0;0;0;0;0;1.0;0.0;0.0;4.0;0.0;0.0;2019-02-25T06:25:48.000Z;2019-02-25T06:25:48.000Z;
9e6bd308ff4c83324a55970a921576e28c726612_Token.sol;9e;StandardToken;contract;83;32;42;5;6;1;1;11;17;2;3;1;0;1;4;1.2;0.2;0.2;2.2;3.4;0.8;2019-02-25T06:15:44.000Z;2019-02-25T06:15:44.000Z;
59eab1dec0dddff788b3921e4ad12db9c603f801_PGSTO.sol;59;tokenRecipient;interface;1;1;0;1;1;0;0;4;0;0;0;0;0;0;0;1.0;0.0;0.0;4.0;0.0;0.0;2019-02-25T03:37:27.000Z;2019-02-25T03:37:27.000Z;
44972c03e999ee0763e21f94f64db9683d964bbd_JungCoin.sol;44;ERC20Detailed;contract;32;19;9;3;3;0;0;0;6;1;1;1;0;3;0;1.0;0.0;0.0;0.0;2.0;0.0;2019-02-24T13:27:52.000Z;2019-02-24T13:27:52.000Z;
98b37BA3826A1F9295fFB819e209eb0c52BdA7E7_ERC20WithFeesSwap.sol;98;CompatibleERC20;interface;13;10;2;6;6;0;0;10;0;0;0;0;0;0;0;1.0;0.0;0.0;1.6666666666666667;0.0;0.0;2019-02-25T04:50:22.000Z;2019-02-25T04:50:22.000Z;
048babB592a39Dd5B4B0A52CD5638cab536b1bdD_ERC20Swap.sol;04;CompatibleERC20;interface;13;10;2;6;6;0;0;10;0;0;0;0;0;0;0;1.0;0.0;0.0;1.6666666666666667;0.0;0.0;2019-02-25T04:46:38.000Z;2019-02-25T04:46:38.000Z;
50F2b7aB72551b399aC81081484ef0b0F23aa38C_EthSwap.sol;50;EthSwap;contract;30;20;7;1;1;0;0;2;0;2;2;0;1;17;0;1.0;0.0;0.0;2.0;0.0;0.0;2019-02-25T04:40:47.000Z;2019-02-25T04:40:47.000Z;
3b3801f0fc76528e42390df701f513fc62cbf154_FixedSupplyToken.sol;3b;Owned;contract;25;21;0;2;2;0;0;1;8;0;0;1;0;2;2;1.0;0.0;0.0;0.5;4.0;1.0;2019-02-25T04:03:27.000Z;2019-02-25T04:03:27.000Z;
5bac8421aa6426b8b6a53c0cff5f198236484406_DAI.sol;5b;DAI;contract;110;84;36;9;26;7;7;15;63;1;1;0;0;8;15;2.888888888888889;0.7777777777777778;0.7777777777777778;1.6666666666666667;7.0;1.6666666666666667;2019-02-25T03:12:45.000Z;2019-02-25T03:12:45.000Z;
af399f546bbbd27804d83af76397d2b27077ca9f_SCH.sol;af;SafeMath;library;28;23;2;4;5;1;1;8;12;0;0;0;0;0;3;1.25;0.25;0.25;2.0;3.0;0.75;2019-02-22T10:38:47.000Z;2019-02-22T10:38:47.000Z;
0f97c5939d1dd5f8d3520532caec7d82b269f293_Banker.sol;0f;Banker;contract;431;323;24;12;57;11;11;16;306;0;0;0;0;5;25;4.75;0.9166666666666666;0.9166666666666666;1.3333333333333333;25.5;2.0833333333333335;2019-02-04T04:20:36.000Z;2019-02-04T04:20:36.000Z;
5487775230424657812295acb5623cac971f54de_BingoCoin.sol;54;BingoCoin;contract;154;72;83;7;8;1;1;16;37;0;0;0;1;6;10;1.1428571428571428;0.14285714285714285;0.14285714285714285;2.2857142857142856;5.285714285714286;1.4285714285714286;2019-02-25T01:32:48.000Z;2019-02-25T01:32:48.000Z;
7c711594bfb4037dd13b03c85d8d183e2fdb19cc_BZxTo0x.sol;7c;EIP20;contract;5;5;0;0;0;0;0;0;0;2;2;0;0;3;0;0.0;0.0;0.0;0.0;0.0;0.0;2019-01-28T07:06:01.000Z;2019-01-28T07:06:01.000Z;
9f63a5d92162975a08555f54752503b96277526d_EthICO.sol;9f;EthICO;contract;16;16;0;4;7;3;3;2;6;0;0;0;0;2;1;1.75;0.75;0.75;0.5;1.5;0.25;2019-02-24T22:50:55.000Z;2019-02-24T22:50:55.000Z;
8b3d70d628ebd30d4a2ea82db95ba2e906c71633_BZxVault.sol;8b;BZxVault;contract;16;13;1;2;2;0;0;1;0;2;3;0;0;10;0;1.0;0.0;0.0;0.5;0.0;0.0;2019-01-03T21:31:58.000Z;2019-01-03T21:31:58.000Z;
1cf226e9413addaf22412a2e182f9c0de44af002_BZxProxy.sol;1c;GasTracker;contract;13;8;3;0;0;0;0;0;3;0;0;2;0;1;0;0.0;0.0;0.0;0.0;0.0;0.0;2019-01-28T07:19:19.000Z;2019-01-28T07:19:19.000Z;
edc1a631d4c3d0f554da14a4bce630f6cbc30a68_NitroPlatformToken.sol;ed;ApproveAndCallFallBack;contract;3;3;0;1;1;0;0;4;0;0;0;0;0;0;0;1.0;0.0;0.0;4.0;0.0;0.0;2019-02-24T22:34:17.000Z;2019-02-24T22:34:17.000Z;
f7a76edcf0ffacbf3d62d0c1db88220b8a9cce0b_SnaltaCoinToken.sol;f7;ApproveAndCallFallBack;contract;3;3;0;1;1;0;0;4;0;0;0;0;0;0;0;1.0;0.0;0.0;4.0;0.0;0.0;2019-02-24T21:26:33.000Z;2019-02-24T21:26:33.000Z;
cd7a9cfe41710bd520e3ae15bd55f813543c2bb2_ILUM.sol;cd;ILUM;contract;123;82;18;11;12;1;1;12;37;0;0;0;1;15;20;1.0909090909090908;0.09090909090909091;0.09090909090909091;1.0909090909090908;3.3636363636363638;1.8181818181818181;2019-02-24T20:18:09.000Z;2019-02-24T20:18:09.000Z;
22fade931b5c89c9bd8cc9de98dcfee50ed8bcf2_Eircoin.sol;22;tokenRecipient;interface;4;2;0;1;1;0;0;4;0;0;0;0;0;0;0;1.0;0.0;0.0;4.0;0.0;0.0;2019-02-24T19:35:24.000Z;2019-02-24T19:35:24.000Z;
daa6cd28e6aa9d656930ce4bb4fa93eec96ee791_FUTC.sol;da;ERC20Basic;contract;6;6;0;3;3;0;0;3;0;0;0;4;0;0;0;1.0;0.0;0.0;1.0;0.0;0.0;2019-02-24T19:25:23.000Z;2019-02-24T19:25:23.000Z;
9c7701f392f60a8dc255e1486d793c4c6f600fa5_Operator.sol;9c;Operator;contract;173;151;7;7;13;4;4;7;56;0;0;0;0;40;15;1.8571428571428572;0.5714285714285714;0.5714285714285714;1.0;8.0;2.142857142857143;2019-02-24T19:15:43.000Z;2019-02-24T19:15:43.000Z;
df33ba48f424a9fbcef7f7d7789ae07e3c21d901_DalyVentures_FundII.sol;df;ERC20;contract;6;6;0;3;3;0;0;7;0;1;1;3;0;0;0;1.0;0.0;0.0;2.3333333333333335;0.0;0.0;2019-02-24T19:08:52.000Z;2019-02-24T19:08:52.000Z;
1f1dd3d834d063ca233e3fb968c8a9f88b49d948_BasicToken.sol;1f;ERC20;contract;6;6;0;3;3;0;0;7;0;1;1;3;0;0;0;1.0;0.0;0.0;2.3333333333333335;0.0;0.0;2019-02-24T18:59:45.000Z;2019-02-24T18:59:45.000Z;
c9a4843474a8cc0ab1e00ec1cb682b09a4ea772d_Fr8TeamTimelock.sol;c9;ERC20Basic;contract;6;6;0;3;3;0;0;3;0;0;0;1;0;0;0;1.0;0.0;0.0;1.0;0.0;0.0;2019-02-24T18:18:26.000Z;2019-02-24T18:18:26.000Z;
e71d034a79151c4e18754b1c4443ce4174ec6ecd_Fr8AdvisoryTimelock.sol;e7;ERC20Basic;contract;6;6;0;3;3;0;0;3;0;0;0;1;0;0;0;1.0;0.0;0.0;1.0;0.0;0.0;2019-02-24T18:15:05.000Z;2019-02-24T18:15:05.000Z;
733736aa53c1ffd84839ee256d5848259260e327_Token.sol;73;ERC20Detailed;contract;32;27;5;3;3;0;0;0;6;1;1;1;0;3;0;1.0;0.0;0.0;0.0;2.0;0.0;2019-02-19T18:31:17.000Z;2019-02-19T18:31:17.000Z;
17bb649889f855d591df6049b60da73b63e910d0_Token.sol;17;ERC20Detailed;contract;32;27;5;3;3;0;0;0;6;1;1;1;0;3;0;1.0;0.0;0.0;0.0;2.0;0.0;2019-02-19T18:31:30.000Z;2019-02-19T18:31:30.000Z;
78c15106c74e7f1f0880d7fe1fdf25822eea2acd_Token.sol;78;ERC20Detailed;contract;32;27;5;3;3;0;0;0;6;1;1;1;0;3;0;1.0;0.0;0.0;0.0;2.0;0.0;2019-02-19T17:46:05.000Z;2019-02-19T17:46:05.000Z;
d30c581d241dbe2a251d25b336a64e950525095f_Token.sol;d3;ERC20Detailed;contract;32;27;5;3;3;0;0;0;6;1;1;1;0;3;0;1.0;0.0;0.0;0.0;2.0;0.0;2019-02-19T17:42:58.000Z;2019-02-19T17:42:58.000Z;
6950c3a3a2b863973cb3b969ae5b56d85f3f32fd_Token.sol;69;ERC20Detailed;contract;32;27;5;3;3;0;0;0;6;1;1;1;0;3;0;1.0;0.0;0.0;0.0;2.0;0.0;2019-02-19T18:19:24.000Z;2019-02-19T18:19:24.000Z;
7ec6cf1c3f83d0ad675dbb07ef6dc007e4d65a34_Token.sol;7e;ERC20Detailed;contract;32;27;5;3;3;0;0;0;6;1;1;1;0;3;0;1.0;0.0;0.0;0.0;2.0;0.0;2019-02-19T17:46:50.000Z;2019-02-19T17:46:50.000Z;
613b0cc6f447bf1bf66071359965cc0defd3d3d1_Token.sol;61;ERC20Detailed;contract;32;27;5;3;3;0;0;0;6;1;1;1;0;3;0;1.0;0.0;0.0;0.0;2.0;0.0;2019-02-19T18:19:44.000Z;2019-02-19T18:19:44.000Z;
9b05c1fddbef5b9b69ae2327493918a42fbab156_Token.sol;9b;ERC20Detailed;contract;32;27;5;3;3;0;0;0;6;1;1;1;0;3;0;1.0;0.0;0.0;0.0;2.0;0.0;2019-02-19T17:52:19.000Z;2019-02-19T17:52:19.000Z;
2327c63dc2bbe6f6e396898149acb77442a01a96_Token.sol;23;ERC20Detailed;contract;32;27;5;3;3;0;0;0;6;1;1;1;0;3;0;1.0;0.0;0.0;0.0;2.0;0.0;2019-02-19T17:32:18.000Z;2019-02-19T17:32:18.000Z;
3f69faa945ea759c910ff41c8920f250a1751a70_Token.sol;3f;ERC20Detailed;contract;32;27;5;3;3;0;0;0;6;1;1;1;0;3;0;1.0;0.0;0.0;0.0;2.0;0.0;2019-02-19T17:38:01.000Z;2019-02-19T17:38:01.000Z;
52b5b6ebd1b5b48ce397e3839ffc939b10cbf414_Token.sol;52;ERC20Detailed;contract;32;27;5;3;3;0;0;0;6;1;1;1;0;3;0;1.0;0.0;0.0;0.0;2.0;0.0;2019-02-19T17:33:30.000Z;2019-02-19T17:33:30.000Z;
e45462f31f6353d490e403980e60d9faa049bf4e_Token.sol;e4;ERC20Detailed;contract;32;27;5;3;3;0;0;0;6;1;1;1;0;3;0;1.0;0.0;0.0;0.0;2.0;0.0;2019-02-19T17:36:09.000Z;2019-02-19T17:36:09.000Z;
dee136601278aeab73bf624aada6400d161bb53a_Token.sol;de;ERC20Detailed;contract;32;27;5;3;3;0;0;0;6;1;1;1;0;3;0;1.0;0.0;0.0;0.0;2.0;0.0;2019-02-19T17:42:58.000Z;2019-02-19T17:42:58.000Z;
b9750071066b5854edd94cc9413e910087912832_Token.sol;b9;ERC20Detailed;contract;32;27;5;3;3;0;0;0;6;1;1;1;0;3;0;1.0;0.0;0.0;0.0;2.0;0.0;2019-02-19T17:31:25.000Z;2019-02-19T17:31:25.000Z;
2c2b804d36a2754ffbcfc5f09f663600529e6a9d_Token.sol;2c;ERC20Detailed;contract;32;27;5;3;3;0;0;0;6;1;1;1;0;3;0;1.0;0.0;0.0;0.0;2.0;0.0;2019-02-19T17:23:57.000Z;2019-02-19T17:23:57.000Z;
765d5076b617f66beec482be0e32f76329813619_Token.sol;76;ERC20Detailed;contract;32;27;5;3;3;0;0;0;6;1;1;1;0;3;0;1.0;0.0;0.0;0.0;2.0;0.0;2019-02-19T17:14:57.000Z;2019-02-19T17:14:57.000Z;
1a3e828def573a7c9df39bd9c679d48dac29e009_Token.sol;1a;ERC20Detailed;contract;32;27;5;3;3;0;0;0;6;1;1;1;0;3;0;1.0;0.0;0.0;0.0;2.0;0.0;2019-02-19T17:23:22.000Z;2019-02-19T17:23:22.000Z;
2eea74d87a2567a0922df0d896f3e3984468f8e7_Token.sol;2e;ERC20Detailed;contract;32;27;5;3;3;0;0;0;6;1;1;1;0;3;0;1.0;0.0;0.0;0.0;2.0;0.0;2019-02-19T17:22:25.000Z;2019-02-19T17:22:25.000Z;
a1d38ef843553322a338cdd7d6134565ffba97ab_LEVT.sol;a1;ERC20;contract;6;6;0;3;3;0;0;7;0;1;1;1;0;0;0;1.0;0.0;0.0;2.3333333333333335;0.0;0.0;2019-02-24T15:32:45.000Z;2019-02-24T15:32:45.000Z;
49d3ae5cca9ec7aecebc146745af72f7e7f51925_Bluetherium.sol;49;Token;contract;37;10;19;6;6;0;0;10;0;0;0;2;0;0;0;1.0;0.0;0.0;1.6666666666666667;0.0;0.0;2019-02-24T13:14:19.000Z;2019-02-24T13:14:19.000Z;
a02064d47480480a33cfd143236c6e4e59ec0be4_BraveRewardCoin.sol;a0;ApproveAndCallFallBack;contract;3;3;0;1;1;0;0;4;0;0;0;0;0;0;0;1.0;0.0;0.0;4.0;0.0;0.0;2019-02-24T12:12:19.000Z;2019-02-24T12:12:19.000Z;
ec3cab3640d37cfa70d57f4813d698ba1e4b05cc_ZeroCache.sol;ec;SafeMath;library;18;18;0;4;4;0;0;8;8;0;0;0;0;0;4;1.0;0.0;0.0;2.0;2.0;1.0;2019-02-24T12:29:03.000Z;2019-02-24T12:29:03.000Z;
6cf13e80fee172bb7b857c5d4d2a445e25c6a0c3_ATokenERC20.sol;6c;Pausable;contract;33;21;12;2;2;0;0;0;8;1;1;2;0;1;0;1.0;0.0;0.0;0.0;4.0;0.0;2019-02-24T11:57:34.000Z;2019-02-24T11:57:34.000Z;
d0e43e4dd75b07d7d5f6ce1153b8044ff5e0fd9d_Snip3dbridgecontract.sol;d0;Snip3DInterface;interface;21;20;0;9;9;0;0;5;0;0;0;0;0;0;0;1.0;0.0;0.0;0.5555555555555556;0.0;0.0;2019-02-24T08:58:37.000Z;2019-02-24T08:58:37.000Z;
3931684084e386cbe8ca442b504858c9092c37e2_CoshToken.sol;39;CoshToken;contract;67;46;6;3;3;0;0;7;17;0;0;0;1;14;2;1.0;0.0;0.0;2.3333333333333335;5.666666666666667;0.6666666666666666;2019-02-24T08:09:44.000Z;2019-02-24T08:09:44.000Z;
2992221bc5f79681635c2b490cca47cac0a2bd7c_try_me.sol;29;try_me;contract;48;37;0;6;10;4;4;7;15;0;0;0;0;4;6;1.6666666666666667;0.6666666666666666;0.6666666666666666;1.1666666666666667;2.5;1.0;2019-02-24T06:11:47.000Z;2019-02-24T06:11:47.000Z;
353cb8bd3f9d4216546d6bfb47cdeab6ae1b3e3d_StoreIPHash.sol;35;StoreIPHash;contract;7;6;0;1;1;0;0;0;1;0;0;0;0;3;0;1.0;0.0;0.0;0.0;1.0;0.0;2019-02-24T05:05:22.000Z;2019-02-24T05:05:22.000Z;
2b6095529cc13819d444010c3d12eb1677f1f5e9_MultiSigWallet.sol;2b;MultiSigWallet;contract;361;272;59;17;40;19;19;25;108;0;0;0;0;7;22;2.3529411764705883;1.1176470588235294;1.1176470588235294;1.4705882352941178;6.352941176470588;1.2941176470588236;2019-02-24T04:51:24.000Z;2019-02-24T04:51:24.000Z;
85e7a45bfff55f8a57acb25095bf59724f748897_EthDeltaHold.sol;85;EthDeltaHold;contract;16;16;0;4;7;3;3;2;6;0;0;0;0;2;1;1.75;0.75;0.75;0.5;1.5;0.25;2019-02-24T02:02:10.000Z;2019-02-24T02:02:10.000Z;
4fb8f24acffe934ef39c1aad3436ed3e25302dd8_enigma_game.sol;4f;enigma_game;contract;48;37;0;6;10;4;4;7;15;0;0;0;0;4;6;1.6666666666666667;0.6666666666666666;0.6666666666666666;1.1666666666666667;2.5;1.0;2019-02-23T21:47:41.000Z;2019-02-23T21:47:41.000Z;
8c5d66ff25d3706188a4caa6911cea34ef292233_YOKI.sol;8c;tokenRecipient;interface;1;1;0;1;1;0;0;4;0;0;0;0;0;0;0;1.0;0.0;0.0;4.0;0.0;0.0;2019-02-23T19:31:34.000Z;2019-02-23T19:31:34.000Z;
4d2d7ea45162b91f0e584463ed2afb54ca558cb4_Crowdsale.sol;4d;token;interface;1;1;0;1;1;0;0;2;0;0;0;0;0;0;0;1.0;0.0;0.0;2.0;0.0;0.0;2019-02-23T19:03:58.000Z;2019-02-23T19:03:58.000Z;
4bf62424385ddcd858535caa1878e512314a9aeb_ReliableIndex.sol;4b;Ownable;contract;35;16;11;1;1;0;0;1;6;0;0;4;0;1;1;1.0;0.0;0.0;1.0;6.0;1.0;2019-02-23T18:59:10.000Z;2019-02-23T18:59:10.000Z;
5cda2019d03e0af7ec28114327707872fd16f412_INTPOS.sol;5c;INTPOS;contract;93;69;3;9;9;0;0;5;30;0;0;0;1;10;8;1.0;0.0;0.0;0.5555555555555556;3.3333333333333335;0.8888888888888888;2019-02-23T18:44:22.000Z;2019-02-23T18:44:22.000Z;
b554dd2a8b26fb4ae01f3a45ee591c5daff18e39_SiBiCryptICO.sol;b5;ERC20;interface;6;6;4;3;3;0;0;7;0;0;0;3;0;0;0;1.0;0.0;0.0;2.3333333333333335;0.0;0.0;2019-02-23T14:48:26.000Z;2019-02-23T14:48:26.000Z;
c6f5fd8356f54e1ce115b68a44042209b6252dff_Votes.sol;c6;Owned;contract;6;6;0;1;1;0;0;1;1;0;0;1;0;2;0;1.0;0.0;0.0;1.0;1.0;0.0;2019-02-23T15:16:00.000Z;2019-02-23T15:16:00.000Z;
93c1c5ea85ac7f615225a42cd031db6cc41aee0f_UCToken.sol;93;Ownable;contract;71;36;27;5;7;2;2;5;16;0;0;2;0;1;4;1.4;0.4;0.4;1.0;3.2;0.8;2019-02-23T15:05:20.000Z;2019-02-23T15:05:20.000Z;
38bd23960e86a1ea64f0e6665b04d07ccd5ff173_UCToken.sol;38;ERC20;contract;173;64;89;13;13;0;0;26;32;1;1;2;0;3;18;1.0;0.0;0.0;2.0;2.4615384615384617;1.3846153846153846;2019-02-23T14:39:54.000Z;2019-02-23T14:39:54.000Z;
e01755c2cf0b0ccb8f3577b0952c8e45ce2b18df_Multisig.sol;e0;Multisig;contract;61;40;9;2;2;0;0;2;10;0;0;0;1;14;2;1.0;0.0;0.0;1.0;5.0;1.0;2019-02-23T14:36:05.000Z;2019-02-23T14:36:05.000Z;
f478c1BeEcED20E3E463D52f90A758D6476b74DC_MintedTokenCappedCrowdsaleExt.sol;f4;ERC20Basic;contract;6;6;0;2;2;0;0;3;0;0;0;4;0;1;0;1.0;0.0;0.0;1.5;0.0;0.0;2019-02-22T20:31:46.000Z;2019-02-22T20:31:46.000Z;
94adAA12173b9E885b5d039a2FDfa1A0E48B0aaC_FlatPricingExt.sol;94;PricingStrategy;contract;42;16;20;5;5;0;0;8;3;0;0;1;0;1;0;1.0;0.0;0.0;1.6;0.6;0.0;2019-02-22T20:31:27.000Z;2019-02-22T20:31:27.000Z;
95B84b43Ca30e8Ac140E499203A31004C5D8300e_CrowdsaleTokenExt.sol;95;ERC20;contract;6;6;0;3;3;0;0;7;0;1;1;5;0;0;0;1.0;0.0;0.0;2.3333333333333335;0.0;0.0;2019-02-22T20:22:30.000Z;2019-02-22T20:22:30.000Z;
275e97e63cb4d0f7b7185301deff99bebf44a223_HZaddToken.sol;27;tokenRecipient;interface;1;1;0;1;1;0;0;4;0;0;0;0;0;0;0;1.0;0.0;0.0;4.0;0.0;0.0;2019-02-23T12:56:07.000Z;2019-02-23T12:56:07.000Z;
cfaf80b93b2c5a6adccceb382d022fcf2d5b2d24_Sale.sol;cf;usingOraclize;contract;1062;934;61;94;173;49;45;244;655;0;0;1;3;19;203;1.8404255319148937;0.5212765957446809;0.4787234042553192;2.595744680851064;6.968085106382978;2.1595744680851063;2019-02-23T12:58:42.000Z;2019-02-23T12:58:42.000Z;
ccbc1cce102a7656f1e2f0d59a5be8c1faf35850_BZQToken.sol;cc;tokenRecipient;interface;1;1;0;1;1;0;0;4;0;0;0;0;0;0;0;1.0;0.0;0.0;4.0;0.0;0.0;2019-02-23T12:25:52.000Z;2019-02-23T12:25:52.000Z;
bd0b627aa83c23b75a9a163cf08a80b6083a6c99_Airdrop.sol;bd;owned;contract;33;27;0;3;3;0;0;3;11;0;0;1;0;2;0;1.0;0.0;0.0;1.0;3.6666666666666665;0.0;2018-11-02T02:13:34.000Z;2018-11-02T02:13:34.000Z;
a873aa13e175ed00fa3ca7ecacb76e5d318e288f_BVI.sol;a8;tokenRecipient;interface;1;1;0;1;1;0;0;4;0;0;0;0;0;0;0;1.0;0.0;0.0;4.0;0.0;0.0;2019-02-23T09:04:02.000Z;2019-02-23T09:04:02.000Z;
4e575277416a678c06bb397748f1469338d4dc5b_TokenERC20.sol;4e;TokenERC20;contract;154;72;83;7;8;1;1;16;37;0;0;0;1;6;10;1.1428571428571428;0.14285714285714285;0.14285714285714285;2.2857142857142856;5.285714285714286;1.4285714285714286;2019-02-23T04:04:30.000Z;2019-02-23T04:04:30.000Z;
ea996ddc97a855ee38097fe2254e43a9bcdb4644_GlobalMagicChainCoin.sol;ea;GlobalMagicChainCoin;contract;154;72;83;7;8;1;1;16;37;0;0;0;1;6;10;1.1428571428571428;0.14285714285714285;0.14285714285714285;2.2857142857142856;5.285714285714286;1.4285714285714286;2019-02-23T02:00:51.000Z;2019-02-23T02:00:51.000Z;
c71a77a460ce6a2d09777990c4c13e4c22fdeb2b_IMMFXCoin.sol;c7;ApproveAndCallFallBack;contract;3;3;0;1;1;0;0;4;0;0;0;0;0;0;0;1.0;0.0;0.0;4.0;0.0;0.0;2019-02-23T01:53:32.000Z;2019-02-23T01:53:32.000Z;
aa91aeca77c25ea19ead3593a4539bc5f05341eb_KypernanoToken.sol;aa;ERC20Basic;contract;6;6;0;3;3;0;0;3;0;0;0;5;0;0;0;1.0;0.0;0.0;1.0;0.0;0.0;2019-02-23T01:39:00.000Z;2019-02-23T01:39:00.000Z;
a94d0d361a403878a3d5d90a3f1ab8323572f588_IMMFXtoken.sol;a9;SafeMath;contract;18;18;0;4;4;0;0;8;8;0;0;1;0;0;4;1.0;0.0;0.0;2.0;2.0;1.0;2019-02-23T01:28:29.000Z;2019-02-23T01:28:29.000Z;
d7ce0742fd67a171d1dff89cf89760465c1c9a15_EasyToken.sol;d7;usingOraclize;contract;978;863;49;91;162;46;42;235;578;0;0;1;3;19;189;1.7802197802197801;0.5054945054945055;0.46153846153846156;2.5824175824175826;6.351648351648351;2.076923076923077;2019-02-23T01:18:43.000Z;2019-02-23T01:18:43.000Z;
5d1710ec045aecb93b7968d016bd15699560237a_Membership.sol;5d;Membership;contract;29;23;0;3;3;0;0;3;3;1;1;0;1;7;0;1.0;0.0;0.0;1.0;1.0;0.0;2019-02-22T22:34:35.000Z;2019-02-22T22:34:35.000Z;
18330b947f12fa8a91fea73ae5d24fd57695283e_QBToken.sol;18;Token;contract;36;10;19;6;6;0;0;10;0;0;0;3;0;0;0;1.0;0.0;0.0;1.6666666666666667;0.0;0.0;2019-02-22T17:57:14.000Z;2019-02-22T17:57:14.000Z;
6fe797963e0219e9c4162d333d82b357ded5297a_MaxiCreditCompany.sol;6f;ContractCreator;contract;3;3;0;1;1;0;0;0;0;0;0;0;0;0;0;1.0;0.0;0.0;0.0;0.0;0.0;2019-02-21T23:08:04.000Z;2019-02-21T23:08:04.000Z;
83eead1c141605400513d49d268b2fc9c67c1c58_Agent.sol;83;IsContract;contract;18;10;7;1;2;1;1;1;5;0;0;4;0;0;1;2.0;1.0;1.0;1.0;5.0;1.0;2019-02-22T18:19:58.000Z;2019-02-22T18:19:58.000Z;
84f396739984e8bf9aca791541b01637c23bcb16_Sale.sol;84;usingOraclize;contract;1062;934;61;94;173;49;45;244;655;0;0;1;3;19;203;1.8404255319148937;0.5212765957446809;0.4787234042553192;2.595744680851064;6.968085106382978;2.1595744680851063;2019-02-22T17:11:04.000Z;2019-02-22T17:11:04.000Z;
75be61fa66325ec34386adf1d6e90fd4c039f8b6_VOXToken.sol;75;HorizonContractBase;contract;14;10;2;0;0;0;0;0;8;0;0;2;0;1;0;0.0;0.0;0.0;0.0;0.0;0.0;2019-02-22T15:33:05.000Z;2019-02-22T15:33:05.000Z;
d227752efd4A12FB58760Ce5999B4EeC5ec76640_CoinFlip.sol;d2;balance;contract;4;4;0;0;0;0;0;0;0;0;0;0;0;0;0;0.0;0.0;0.0;0.0;0.0;0.0;2019-02-09T15:59:05.000Z;2019-02-09T15:59:05.000Z;
518631efbe95b22ccb92805dc6db39cf55855c88_CardRPS.sol;51;CryptoTycoonsVIPLib;contract;108;85;4;10;22;12;3;9;65;0;0;0;0;8;4;2.2;1.2;0.3;0.9;6.5;0.4;2019-02-22T14:05:18.000Z;2019-02-22T14:05:18.000Z;
b447cf8e58b2841c9c82cf6b1bccf1aa4ffb85ba_BasicTokenSC.sol;b4;PartialSafeMath;library;17;17;0;2;2;0;0;4;6;0;0;0;0;1;2;1.0;0.0;0.0;2.0;3.0;1.0;2019-02-19T21:47:26.000Z;2019-02-19T21:47:26.000Z;
bbe0597e24d51e85ef41275eb21cd629a9d4950d_BasicTokenSC.sol;bb;PartialSafeMath;library;17;17;0;2;2;0;0;4;6;0;0;0;0;1;2;1.0;0.0;0.0;2.0;3.0;1.0;2019-02-19T21:52:12.000Z;2019-02-19T21:52:12.000Z;
8a657f77b1cc131b9babc547d3ec07b35060aeb0_BasicTokenSC.sol;8a;PartialSafeMath;library;17;17;0;2;2;0;0;4;6;0;0;0;0;1;2;1.0;0.0;0.0;2.0;3.0;1.0;2019-02-19T21:39:50.000Z;2019-02-19T21:39:50.000Z;
6ea8f7da86aa431afaf4ac1a81804a26339a5c89_BasicTokenSC.sol;6e;PartialSafeMath;library;17;17;0;2;2;0;0;4;6;0;0;0;0;1;2;1.0;0.0;0.0;2.0;3.0;1.0;2019-02-19T21:36:28.000Z;2019-02-19T21:36:28.000Z;
d55bd1ec4483db425597634fb14ee4e7516f8e6f_BasicTokenSC.sol;d5;PartialSafeMath;library;17;17;0;2;2;0;0;4;6;0;0;0;0;1;2;1.0;0.0;0.0;2.0;3.0;1.0;2019-02-19T21:43:56.000Z;2019-02-19T21:43:56.000Z;
f64f5b1cf23311383d14ed3738027632c8cc0ae8_BasicTokenSC.sol;f6;PartialSafeMath;library;17;17;0;2;2;0;0;4;6;0;0;0;0;1;2;1.0;0.0;0.0;2.0;3.0;1.0;2019-02-19T18:18:32.000Z;2019-02-19T18:18:32.000Z;
09b39342a172bc337ab9444810fa527a08bb28b7_BasicTokenSC.sol;09;PartialSafeMath;library;17;17;0;2;2;0;0;4;6;0;0;0;0;1;2;1.0;0.0;0.0;2.0;3.0;1.0;2019-02-18T23:54:45.000Z;2019-02-18T23:54:45.000Z;
687f71237766012327497045bAdE62c746826f5b_Ficocoin.sol;68;SafeMath;contract;18;18;0;4;4;0;0;8;8;0;0;1;0;0;4;1.0;0.0;0.0;2.0;2.0;1.0;2019-02-22T13:49:03.000Z;2019-02-22T13:49:03.000Z;
dded8ed84f23ec712ed801eef265c52dfd54b805_AceDice.sol;dd;CryptoTycoonsVIPLib;contract;108;85;4;10;22;12;3;9;65;0;0;0;0;8;4;2.2;1.2;0.3;0.9;6.5;0.4;2019-02-22T13:25:09.000Z;2019-02-22T13:25:09.000Z;
a2e655dd84ffb827bb6ae1f23d7d3b4173b143b1_CryptoTycoonsVIPLib.sol;a2;CryptoTycoonsVIPLib;contract;108;85;4;10;22;12;3;9;65;0;0;0;0;8;4;2.2;1.2;0.3;0.9;6.5;0.4;2019-02-22T13:24:39.000Z;2019-02-22T13:24:39.000Z;
1edebb48e3268644833daee4c47edddf305182e3_ATxBuyback.sol;1e;SafeMath;library;25;20;2;4;4;0;0;8;10;0;0;0;0;0;3;1.0;0.0;0.0;2.0;2.5;0.75;2018-12-10T15:08:16.000Z;2018-12-10T15:08:16.000Z;
32bffc852bc64dbdf7c41e74be753a2f3857cbbb_ERC20.sol;32;SafeMath;library;42;20;14;4;4;0;0;8;10;0;0;0;0;0;3;1.0;0.0;0.0;2.0;2.5;0.75;2019-02-22T12:57:07.000Z;2019-02-22T12:57:07.000Z;
fd5ae5585b49abcb723edd3657f429556a4e554e_campaign.sol;fd;owned;contract;15;12;0;1;1;0;0;1;3;0;0;3;0;2;0;1.0;0.0;0.0;1.0;3.0;0.0;2019-02-22T11:48:01.000Z;2019-02-22T11:48:01.000Z;
a79f38663715d82218756f2c863e6c2894c35d77_MotherFuckingToken.sol;a7;StandardToken;contract;45;33;6;5;7;2;2;10;18;1;1;1;0;3;3;1.4;0.4;0.4;2.0;3.6;0.6;2019-02-22T11:48:17.000Z;2019-02-22T11:48:17.000Z;
c2a91602b20aefb14fcb13f068649298fd980da3_INTCoin.sol;c2;INTCoin;contract;107;79;14;6;8;1;1;5;45;1;1;0;0;16;3;1.3333333333333333;0.16666666666666666;0.16666666666666666;0.8333333333333334;7.5;0.5;2019-02-22T09:16:06.000Z;2019-02-22T09:16:06.000Z;
ebfe4723c636cf0a4d1374888f16736a986f5629_TeamUndisClosed.sol;eb;TeamUndisClosed;contract;70;45;27;7;7;0;0;13;22;1;2;0;0;3;5;1.0;0.0;0.0;1.8571428571428572;3.142857142857143;0.7142857142857143;2019-02-22T09:08:46.000Z;2019-02-22T09:08:46.000Z;
fe998b669f63b303909c5798ea2a442d1a27e546_SistContract.sol;fe;BasicToken;contract;40;19;14;3;3;0;0;3;8;1;1;2;0;2;3;1.0;0.0;0.0;1.0;2.6666666666666665;1.0;2018-12-15T06:33:25.000Z;2018-12-15T06:33:25.000Z;
3ac969b43affc4e0684dc52dc3072b109d0e348d_Bank.sol;3a;Logger;contract;17;15;0;1;1;0;0;3;4;0;0;0;0;2;1;1.0;0.0;0.0;3.0;4.0;1.0;2019-02-22T06:18:47.000Z;2019-02-22T06:18:47.000Z;
c5a5b32abfbbc4e4baac722a5d2b422094a5d82d_Dividend.sol;c5;Dividend;contract;327;226;81;17;28;10;10;24;139;2;2;0;1;8;32;1.6470588235294117;0.5882352941176471;0.5882352941176471;1.411764705882353;8.176470588235293;1.8823529411764706;2019-02-22T05:57:24.000Z;2019-02-22T05:57:24.000Z;
1664b5a868dfe54f0591b2df2d3c0fc9beed5ee3_ldoh.sol;16;BlockableContract;contract;27;19;0;2;2;0;0;0;7;1;1;1;0;1;0;1.0;0.0;0.0;0.0;3.5;0.0;2019-02-22T04:07:35.000Z;2019-02-22T04:07:35.000Z;
214f96e84d3c0f2920bb90fec861be4925edf02b_HorseyToken.sol;21;SafeMath;library;18;18;0;4;4;0;0;8;8;0;0;0;0;0;4;1.0;0.0;0.0;2.0;2.0;1.0;2018-12-28T06:34:15.000Z;2018-12-28T06:34:15.000Z;
b150584a9a97aa5472f877e5a68f3f003c4352a3_GOC.sol;b1;SafeMath;library;28;23;2;4;5;1;1;8;12;0;0;0;0;0;3;1.25;0.25;0.25;2.0;3.0;0.75;2019-02-22T02:03:56.000Z;2019-02-22T02:03:56.000Z;
6d6f337ef9da52cd32334c4b26766ecf81353551_Distribution.sol;6d;Distribution;contract;30;25;0;1;2;1;1;2;19;2;4;0;1;1;3;2.0;1.0;1.0;2.0;19.0;3.0;2019-02-22T01:00:38.000Z;2019-02-22T01:00:38.000Z;
62c14b73192c018026eab42b52a5118402634666_CreateToken_ERC20.sol;62;CreateToken_ERC20;contract;126;105;0;16;18;2;2;26;49;0;0;0;0;6;11;1.125;0.125;0.125;1.625;3.0625;0.6875;2018-12-20T21:00:24.000Z;2018-12-20T21:00:24.000Z;
d976f31aab3693572b3b35c48967acd243824b0f_Coinerium.sol;d9;Claimable;contract;28;15;10;2;2;0;0;1;6;1;1;1;0;1;1;1.0;0.0;0.0;0.5;3.0;0.5;2019-02-21T23:17:40.000Z;2019-02-21T23:17:40.000Z;
34bd4130ea78a5b0f829579050bee911207ca24d_Coinereeum.sol;34;Claimable;contract;28;15;10;2;2;0;0;1;6;1;1;1;0;1;1;1.0;0.0;0.0;0.5;3.0;0.5;2019-02-21T22:58:39.000Z;2019-02-21T22:58:39.000Z;
bec8664bdfe35ca6e6ade337f221c6f07a9b820b_OracleRegistry.sol;be;OracleRegistry;contract;32;21;3;1;1;0;0;3;0;1;1;0;0;16;0;1.0;0.0;0.0;3.0;0.0;0.0;2019-02-21T16:41:34.000Z;2019-02-21T16:41:34.000Z;
87bfc87dc76d17d47a848d98a0fdf5dbf41e5e3c_GRAM.sol;87;ERC20Mintable;contract;12;6;6;1;1;0;0;2;2;2;3;1;0;0;1;1.0;0.0;0.0;2.0;2.0;1.0;2019-02-21T01:22:58.000Z;2019-02-21T01:22:58.000Z;
b30fae9a9e5bceae62bde45942b5b1bcda4a679d_BasicTokenSC.sol;b3;PartialSafeMath;library;17;17;0;2;2;0;0;4;6;0;0;0;0;1;2;1.0;0.0;0.0;2.0;3.0;1.0;2019-02-18T20:13:14.000Z;2019-02-18T20:13:14.000Z;
03ed057408820c2bb1be013229d1b188ff7ebe9b_BasicTokenSC.sol;03;PartialSafeMath;library;17;17;0;2;2;0;0;4;6;0;0;0;0;1;2;1.0;0.0;0.0;2.0;3.0;1.0;2019-02-18T01:22:06.000Z;2019-02-18T01:22:06.000Z;
770b24c614226351d8c2482eef5473b961cbd529_BasicTokenSC.sol;77;PartialSafeMath;library;17;17;0;2;2;0;0;4;6;0;0;0;0;1;2;1.0;0.0;0.0;2.0;3.0;1.0;2019-02-18T00:19:39.000Z;2019-02-18T00:19:39.000Z;
fbd73de819ed84b4a28a72f257e7f3d80cb4e2ef_BasicTokenSC.sol;fb;PartialSafeMath;library;17;17;0;2;2;0;0;4;6;0;0;0;0;1;2;1.0;0.0;0.0;2.0;3.0;1.0;2019-02-17T23:46:50.000Z;2019-02-17T23:46:50.000Z;
0d335e4b6f6520bff8148611a246553458c78fac_BasicTokenSC.sol;0d;PartialSafeMath;library;17;17;0;2;2;0;0;4;6;0;0;0;0;1;2;1.0;0.0;0.0;2.0;3.0;1.0;2019-02-17T22:54:44.000Z;2019-02-17T22:54:44.000Z;
c3472e9a3af720678dd3b06f75e8cf44654bdb52_BasicTokenSC.sol;c3;PartialSafeMath;library;17;17;0;2;2;0;0;4;6;0;0;0;0;1;2;1.0;0.0;0.0;2.0;3.0;1.0;2019-02-17T20:48:14.000Z;2019-02-17T20:48:14.000Z;
bc09df7389466c2e4783b1d792033697bb3e2faf_BasicTokenSC.sol;bc;PartialSafeMath;library;17;17;0;2;2;0;0;4;6;0;0;0;0;1;2;1.0;0.0;0.0;2.0;3.0;1.0;2019-02-17T22:38:34.000Z;2019-02-17T22:38:34.000Z;
ce1140115a98f60493ca18873924716fe4a3eaeb_BasicTokenSC.sol;ce;BasicTokenSC;contract;93;61;0;13;13;0;0;19;36;0;0;0;0;3;14;1.0;0.0;0.0;1.4615384615384615;2.769230769230769;1.0769230769230769;2019-02-09T10:41:53.000Z;2019-02-09T10:41:53.000Z;
f1b22772ff3c0629f998b504e0f8816f50cfbc93_TokenSale.sol;f1;Pausable;contract;49;27;15;3;3;0;0;0;10;1;1;2;0;1;0;1.0;0.0;0.0;0.0;3.3333333333333335;0.0;2019-02-21T13:33:26.000Z;2019-02-21T13:33:26.000Z;
cbf223ccb3264e447167d4772c312df403ab87f0_CreateAndAddModules.sol;cb;OwnerManager;contract;159;106;41;8;12;4;4;12;123;1;1;2;0;4;8;1.5;0.5;0.5;1.5;15.375;1.0;2018-11-24T21:44:33.000Z;2018-11-24T21:44:33.000Z;
45a05b211021acd853d33157c5add99b9e395e3f_FutureGame.sol;45;FutureGame;contract;363;292;23;17;49;31;6;22;207;0;0;0;0;33;91;2.8823529411764706;1.8235294117647058;0.35294117647058826;1.2941176470588236;12.176470588235293;5.352941176470588;2019-02-19T08:50:41.000Z;2019-02-19T08:50:41.000Z;
66b3130d1d55a53a6e5f736a48d1f1d0d0ba41e8_RFCoin.sol;66;StandardBurnableToken;contract;15;7;7;1;1;0;0;2;3;3;6;1;0;0;3;1.0;0.0;0.0;2.0;3.0;3.0;2019-02-21T05:37:59.000Z;2019-02-21T05:37:59.000Z;
8290333cef9e6d528dd5618fb97a76f268f3edd4_ANKRToken.sol;82;SafeMath;library;45;22;18;4;5;1;1;8;11;0;0;0;0;0;3;1.25;0.25;0.25;2.0;2.75;0.75;2019-02-21T00:57:45.000Z;2019-02-21T00:57:45.000Z;
81e0ca516fa13c0a20b5a47a07d688c4c01e6326_LuxuryCarChain.sol;81;LuxuryCarChain;contract;104;90;0;7;9;2;2;12;34;0;0;0;0;9;3;1.2857142857142858;0.2857142857142857;0.2857142857142857;1.7142857142857142;4.857142857142857;0.42857142857142855;2019-02-21T03:28:40.000Z;2019-02-21T03:28:40.000Z;
300fc708cf85af94337acf3a752af2dc18327bcb_Repo.sol;30;Repo;contract;16;16;0;4;7;3;3;2;6;0;0;0;0;2;1;1.75;0.75;0.75;0.5;1.5;0.25;2019-02-20T20:27:16.000Z;2019-02-20T20:27:16.000Z;
46651bc5bd32f0d5969074cc17b9635296fab901_QUIZ_GAME.sol;46;QUIZ_GAME;contract;48;37;0;6;10;4;4;7;15;0;0;0;0;4;6;1.6666666666666667;0.6666666666666666;0.6666666666666666;1.1666666666666667;2.5;1.0;2019-02-20T20:54:37.000Z;2019-02-20T20:54:37.000Z;
2464f8615b2db50693078ee465b07ecde6235c54_XXAC.sol;24;XXAC;contract;154;72;83;7;8;1;1;16;37;0;0;0;1;6;10;1.1428571428571428;0.14285714285714285;0.14285714285714285;2.2857142857142856;5.285714285714286;1.4285714285714286;2019-02-20T19:46:04.000Z;2019-02-20T19:46:04.000Z;
12d8d03265fc008b3cd0e2de6c1b594ca7a30054_MotherFuckingToken.sol;12;ERC20;contract;18;11;0;5;5;0;0;10;0;0;0;2;0;2;0;1.0;0.0;0.0;2.0;0.0;0.0;2019-02-20T17:10:03.000Z;2019-02-20T17:10:03.000Z;
963c04b255bc8eed55e52a784e1239a6264a1e06_TokenSale.sol;96;Pausable;contract;49;27;15;3;3;0;0;0;10;1;1;2;0;1;0;1.0;0.0;0.0;0.0;3.3333333333333335;0.0;2019-02-20T10:29:13.000Z;2019-02-20T10:29:13.000Z;
0ef987c2be871851176e46b098083b8f0fef4c17_ETHPlay.sol;0e;MinterRole;contract;39;30;0;5;5;0;0;4;10;0;0;2;1;1;5;1.0;0.0;0.0;0.8;2.0;1.0;2019-02-20T07:13:54.000Z;2019-02-20T07:13:54.000Z;
11ac1c8f206d3eebf0f346eacc5c46496e491fb4_PaymentProcessor.sol;11;Ownable;contract;42;30;0;5;5;0;0;2;19;0;0;1;0;1;3;1.0;0.0;0.0;0.4;3.8;0.6;2019-02-20T06:09:06.000Z;2019-02-20T06:09:06.000Z;
a5bd843ea5fbf56e1579f7d99fb68efe4e07185f_TokenERC20.sol;a5;tokenRecipient;interface;1;1;1;1;1;0;0;4;0;0;0;0;0;0;0;1.0;0.0;0.0;4.0;0.0;0.0;2019-02-20T05:32:58.000Z;2019-02-20T05:32:58.000Z;
021e5e6ab3efe5eb0c060b4c4c523c7470787ef5_DepoX.sol;02;DepoX;contract;16;16;0;4;7;3;3;2;6;0;0;0;0;2;1;1.75;0.75;0.75;0.5;1.5;0.25;2019-02-20T04:57:36.000Z;2019-02-20T04:57:36.000Z;
63e66571a6936b23e03b82a44306409d9f0afe32_NexyZero.sol;63;ERC20;contract;16;9;0;5;5;0;0;10;0;0;0;1;0;0;0;1.0;0.0;0.0;2.0;0.0;0.0;2019-02-20T04:52:24.000Z;2019-02-20T04:52:24.000Z;
a41c700556d9167257f69ddf66260a3d604d94f5_CARBONTRAIL_RCAI.sol;a4;CARBONTRAIL_RCAI;contract;30;27;0;2;2;0;0;9;2;0;0;0;0;0;0;1.0;0.0;0.0;4.5;1.0;0.0;2019-02-20T03:33:35.000Z;2019-02-20T03:33:35.000Z;
364294395fdb4547eb67b0a4b3f9df576030ec5f_RealToken.sol;36;Ownable;contract;65;30;27;5;5;0;0;2;12;0;0;2;0;1;3;1.0;0.0;0.0;0.4;2.4;0.6;2019-02-19T19:54:20.000Z;2019-02-19T19:54:20.000Z;
8e93e3ab70652872da836dd9bb1abb3c2c688418_RealToken.sol;8e;Ownable;contract;65;30;27;5;5;0;0;2;12;0;0;2;0;1;3;1.0;0.0;0.0;0.4;2.4;0.6;2019-02-19T19:48:18.000Z;2019-02-19T19:48:18.000Z;
150C8384f6FAB2aD34E940EbE90579f804cD4806_TemplateCrowdsale.sol;15;FreezableToken;contract;167;104;38;10;19;6;6;13;64;3;4;2;0;3;18;1.9;0.6;0.6;1.3;6.4;1.8;2019-02-19T13:46:13.000Z;2019-02-19T13:46:13.000Z;
70a2b85e737354104edffad4aeff4fc119c196c4_Mitoshi.sol;70;Buffer;library;115;85;41;6;12;5;5;13;32;0;0;0;0;0;5;2.0;0.8333333333333334;0.8333333333333334;2.1666666666666665;5.333333333333333;0.8333333333333334;2019-02-19T17:14:55.000Z;2019-02-19T17:14:55.000Z;
f00f6866d00644c3d9dcf3b00e1fa1ec8b2bef25_Token.sol;f0;ERC20Detailed;contract;32;27;5;3;3;0;0;0;6;1;1;1;0;3;0;1.0;0.0;0.0;0.0;2.0;0.0;2019-02-19T17:12:20.000Z;2019-02-19T17:12:20.000Z;
dcad4b7548271be24d87ef33469c5e023a140a35_Token.sol;dc;ERC20Detailed;contract;32;27;5;3;3;0;0;0;6;1;1;1;0;3;0;1.0;0.0;0.0;0.0;2.0;0.0;2019-02-19T17:06:52.000Z;2019-02-19T17:06:52.000Z;
d6158932bbc40e5dd42a0fdc0e6ccda27bcc751b_Token.sol;d6;ERC20Detailed;contract;32;27;5;3;3;0;0;0;6;1;1;1;0;3;0;1.0;0.0;0.0;0.0;2.0;0.0;2019-02-19T17:03:25.000Z;2019-02-19T17:03:25.000Z;
ee7306f4e44cff77d93a96ee0eec9400ea4868bf_Token.sol;ee;ERC20Detailed;contract;32;27;5;3;3;0;0;0;6;1;1;1;0;3;0;1.0;0.0;0.0;0.0;2.0;0.0;2019-02-19T16:53:10.000Z;2019-02-19T16:53:10.000Z;
58ea375734e9a49a5abaafaa1cdcede99b375381_SiaToken.sol;58;SafeMath;contract;18;18;0;4;4;0;0;8;8;0;0;1;0;0;4;1.0;0.0;0.0;2.0;2.0;1.0;2019-02-18T16:13:24.000Z;2019-02-18T16:13:24.000Z;
5351687649ae3faaf2bfb5bd1f6595d2725ccebc_Token.sol;53;ERC20Detailed;contract;32;27;5;3;3;0;0;0;6;1;1;1;0;3;0;1.0;0.0;0.0;0.0;2.0;0.0;2019-02-19T16:26:04.000Z;2019-02-19T16:26:04.000Z;
db0f7ea26a08fc127f2eeb0b5a10b55b3e5f78be_Token.sol;db;ERC20Detailed;contract;32;27;5;3;3;0;0;0;6;1;1;1;0;3;0;1.0;0.0;0.0;0.0;2.0;0.0;2019-02-19T16:19:11.000Z;2019-02-19T16:19:11.000Z;
e28ea3281d486976b2daeb79440d1fddb1492796_Token.sol;e2;ERC20Detailed;contract;32;27;5;3;3;0;0;0;6;1;1;1;0;3;0;1.0;0.0;0.0;0.0;2.0;0.0;2019-02-19T16:05:43.000Z;2019-02-19T16:05:43.000Z;
1305fee105e03124775b5d34d4e77a3f9a2e3284_Token.sol;13;ERC20Detailed;contract;32;27;5;3;3;0;0;0;6;1;1;1;0;3;0;1.0;0.0;0.0;0.0;2.0;0.0;2019-02-19T15:33:40.000Z;2019-02-19T15:33:40.000Z;
b86198e4d5f70c2a3b4f335b67175845938c179f_Token.sol;b8;ERC20Detailed;contract;32;27;5;3;3;0;0;0;6;1;1;1;0;3;0;1.0;0.0;0.0;0.0;2.0;0.0;2019-02-19T14:25:42.000Z;2019-02-19T14:25:42.000Z;
